"filter","fam_gen","class","mean_RA_pct"
"0.2 µm","Alteromonadaceae; Alteromonas","Gammaproteobacteria",3.771
"0.2 µm","Alteromonadaceae; Paraglaciecola","Gammaproteobacteria",1.377
"0.2 µm","Clade_I; Clade_Ia","Alphaproteobacteria",7.093
"0.2 µm","Crocinitomicaceae; Fluviicola","Bacteroidia",0.323
"0.2 µm","Cryomorphaceae; uncultured","Bacteroidia",3.423
"0.2 µm","Flavobacteriaceae; Algibacter","Bacteroidia",0.07
"0.2 µm","Flavobacteriaceae; Formosa","Bacteroidia",3.242
"0.2 µm","Flavobacteriaceae; Lutibacter","Bacteroidia",0.211
"0.2 µm","Flavobacteriaceae; NS4_marine_group","Bacteroidia",0.651
"0.2 µm","Flavobacteriaceae; NS5_marine_group","Bacteroidia",2.241
"0.2 µm","Flavobacteriaceae; Polaribacter","Bacteroidia",7.805
"0.2 µm","Flavobacteriaceae; Tenacibaculum","Bacteroidia",2.529
"0.2 µm","Flavobacteriaceae; Ulvibacter","Bacteroidia",8.228
"0.2 µm","Flavobacteriaceae; uncultured","Bacteroidia",3.755
"0.2 µm","Halieaceae; Halioglobus","Gammaproteobacteria",0.045
"0.2 µm","Halieaceae; Luminiphilus","Gammaproteobacteria",0.183
"0.2 µm","Halieaceae; OM60(NOR5)_clade","Gammaproteobacteria",1.075
"0.2 µm","Methylophagaceae; uncultured","Gammaproteobacteria",0.542
"0.2 µm","Moraxellaceae; Psychrobacter","Gammaproteobacteria",0.265
"0.2 µm","NS11-12_marine_group; NS11-12_marine_group_ge","Bacteroidia",3.071
"0.2 µm","NS9_marine_group; NS9_marine_group_ge","Bacteroidia",1.063
"0.2 µm","Nitrincolaceae; uncultured","Gammaproteobacteria",18.435
"0.2 µm","OM182_clade_fa; OM182_clade_ge","Gammaproteobacteria",2.543
"0.2 µm","Porticoccaceae; SAR92_clade","Gammaproteobacteria",3.422
"0.2 µm","Pseudoalteromonadaceae; Pseudoalteromonas","Gammaproteobacteria",0.304
"0.2 µm","Rhodobacteraceae; Amylibacter","Alphaproteobacteria",0.823
"0.2 µm","Rhodobacteraceae; Ascidiaceihabitans","Alphaproteobacteria",0.88
"0.2 µm","Rhodobacteraceae; Loktanella","Alphaproteobacteria",1.69
"0.2 µm","Rhodobacteraceae; Octadecabacter","Alphaproteobacteria",0.03
"0.2 µm","Rhodobacteraceae; Planktomarina","Alphaproteobacteria",2.057
"0.2 µm","Rhodobacteraceae; Sulfitobacter","Alphaproteobacteria",5.454
"0.2 µm","SAR86_clade_fa; SAR86_clade_ge","Gammaproteobacteria",1.967
"0.2 µm","Spongiibacteraceae; uncultured","Gammaproteobacteria",0.524
"0.2 µm","Thioglobaceae; SUP05_cluster","Gammaproteobacteria",2.751
"0.2 µm","Unknown_Family; Candidatus_Carsonella","Gammaproteobacteria",0.003
"3 µm","Alteromonadaceae; Alteromonas","Gammaproteobacteria",9.091
"3 µm","Alteromonadaceae; Paraglaciecola","Gammaproteobacteria",1.305
"3 µm","Clade_I; Clade_Ia","Alphaproteobacteria",1.942
"3 µm","Crocinitomicaceae; Fluviicola","Bacteroidia",0.927
"3 µm","Cryomorphaceae; uncultured","Bacteroidia",1.935
"3 µm","Flavobacteriaceae; Algibacter","Bacteroidia",0.445
"3 µm","Flavobacteriaceae; Formosa","Bacteroidia",2.314
"3 µm","Flavobacteriaceae; Lutibacter","Bacteroidia",0.699
"3 µm","Flavobacteriaceae; NS4_marine_group","Bacteroidia",0.41
"3 µm","Flavobacteriaceae; NS5_marine_group","Bacteroidia",0.375
"3 µm","Flavobacteriaceae; Polaribacter","Bacteroidia",6.315
"3 µm","Flavobacteriaceae; Tenacibaculum","Bacteroidia",1.941
"3 µm","Flavobacteriaceae; Ulvibacter","Bacteroidia",14.753
"3 µm","Flavobacteriaceae; uncultured","Bacteroidia",10.21
"3 µm","Halieaceae; Halioglobus","Gammaproteobacteria",0.098
"3 µm","Halieaceae; Luminiphilus","Gammaproteobacteria",0.446
"3 µm","Halieaceae; OM60(NOR5)_clade","Gammaproteobacteria",3
"3 µm","Methylophagaceae; uncultured","Gammaproteobacteria",0.577
"3 µm","Moraxellaceae; Psychrobacter","Gammaproteobacteria",2.855
"3 µm","NS11-12_marine_group; NS11-12_marine_group_ge","Bacteroidia",3.459
"3 µm","NS9_marine_group; NS9_marine_group_ge","Bacteroidia",0.749
"3 µm","Nitrincolaceae; uncultured","Gammaproteobacteria",3.276
"3 µm","OM182_clade_fa; OM182_clade_ge","Gammaproteobacteria",1.163
"3 µm","Porticoccaceae; SAR92_clade","Gammaproteobacteria",2.58
"3 µm","Pseudoalteromonadaceae; Pseudoalteromonas","Gammaproteobacteria",0.861
"3 µm","Rhodobacteraceae; Amylibacter","Alphaproteobacteria",1.142
"3 µm","Rhodobacteraceae; Ascidiaceihabitans","Alphaproteobacteria",0.555
"3 µm","Rhodobacteraceae; Loktanella","Alphaproteobacteria",8.015
"3 µm","Rhodobacteraceae; Octadecabacter","Alphaproteobacteria",0.961
"3 µm","Rhodobacteraceae; Planktomarina","Alphaproteobacteria",1.184
"3 µm","Rhodobacteraceae; Sulfitobacter","Alphaproteobacteria",8.763
"3 µm","SAR86_clade_fa; SAR86_clade_ge","Gammaproteobacteria",0.427
"3 µm","Spongiibacteraceae; uncultured","Gammaproteobacteria",2.251
"3 µm","Thioglobaceae; SUP05_cluster","Gammaproteobacteria",0.65
"3 µm","Unknown_Family; Candidatus_Carsonella","Gammaproteobacteria",0.016
"20 µm","Alteromonadaceae; Alteromonas","Gammaproteobacteria",8.401
"20 µm","Alteromonadaceae; Paraglaciecola","Gammaproteobacteria",1.242
"20 µm","Clade_I; Clade_Ia","Alphaproteobacteria",0.488
"20 µm","Crocinitomicaceae; Fluviicola","Bacteroidia",2.004
"20 µm","Cryomorphaceae; uncultured","Bacteroidia",0.979
"20 µm","Flavobacteriaceae; Algibacter","Bacteroidia",0.585
"20 µm","Flavobacteriaceae; Formosa","Bacteroidia",1.982
"20 µm","Flavobacteriaceae; Lutibacter","Bacteroidia",0.987
"20 µm","Flavobacteriaceae; NS4_marine_group","Bacteroidia",0.22
"20 µm","Flavobacteriaceae; Polaribacter","Bacteroidia",4.625
"20 µm","Flavobacteriaceae; Tenacibaculum","Bacteroidia",1.454
"20 µm","Flavobacteriaceae; Ulvibacter","Bacteroidia",14.986
"20 µm","Flavobacteriaceae; uncultured","Bacteroidia",9.064
"20 µm","Halieaceae; Halioglobus","Gammaproteobacteria",0.883
"20 µm","Halieaceae; Luminiphilus","Gammaproteobacteria",1.01
"20 µm","Halieaceae; OM60(NOR5)_clade","Gammaproteobacteria",3.289
"20 µm","Methylophagaceae; uncultured","Gammaproteobacteria",1.053
"20 µm","Moraxellaceae; Psychrobacter","Gammaproteobacteria",2.472
"20 µm","NS11-12_marine_group; NS11-12_marine_group_ge","Bacteroidia",3.43
"20 µm","NS9_marine_group; NS9_marine_group_ge","Bacteroidia",0.44
"20 µm","Nitrincolaceae; uncultured","Gammaproteobacteria",1.64
"20 µm","OM182_clade_fa; OM182_clade_ge","Gammaproteobacteria",1.54
"20 µm","Porticoccaceae; SAR92_clade","Gammaproteobacteria",3.59
"20 µm","Pseudoalteromonadaceae; Pseudoalteromonas","Gammaproteobacteria",0.173
"20 µm","Rhodobacteraceae; Amylibacter","Alphaproteobacteria",1.74
"20 µm","Rhodobacteraceae; Ascidiaceihabitans","Alphaproteobacteria",0.065
"20 µm","Rhodobacteraceae; Loktanella","Alphaproteobacteria",13.727
"20 µm","Rhodobacteraceae; Octadecabacter","Alphaproteobacteria",3.362
"20 µm","Rhodobacteraceae; Planktomarina","Alphaproteobacteria",0.058
"20 µm","Rhodobacteraceae; Sulfitobacter","Alphaproteobacteria",5.6
"20 µm","SAR86_clade_fa; SAR86_clade_ge","Gammaproteobacteria",0.196
"20 µm","Spongiibacteraceae; uncultured","Gammaproteobacteria",3.586
"20 µm","Thioglobaceae; SUP05_cluster","Gammaproteobacteria",0.142
"20 µm","Unknown_Family; Candidatus_Carsonella","Gammaproteobacteria",1.285
