"station","n_depths","depth_min","depth_max","depth_range","temp_surf","temp_bottom","sal_surf","sal_bottom","sigma_surf","sigma_bottom","delta_sigma","strat_class"
"CB1",2,3.9,45.8,41.9,5.13,2.31,32.69,32.84,25.832,26.221,0.389,"well-mixed"
"CBE1",3,3.9,35.8,32,3.67,0.64,32.05,32.42,25.474,25.991,0.517,"weakly stratified"
"CBE10",2,10,23,13,2.61,1.51,31.77,31.94,25.336,25.551,0.215,"well-mixed"
"CBE2",3,4.1,34.9,30.8,6.42,0.48,31.56,32.37,24.784,25.958,1.174,"strongly stratified"
"CBE3",3,3.8,28,24.2,5.96,0.91,31.75,32.36,24.993,25.928,0.935,"weakly stratified"
"CBE5",3,3.1,27.9,24.9,7.09,1.22,31.97,32.34,25.02,25.898,0.878,"weakly stratified"
"CBW12",2,4,48.1,44.1,3.12,3.12,32.9,32.9,26.197,26.198,0.001,"well-mixed"
"CBW14",2,4.9,47.8,42.9,3.09,3.09,32.84,32.84,26.154,26.153,-0.001,"well-mixed"
"CBW15",2,4.9,54.9,50,3.1,3.08,32.75,32.75,26.084,26.083,-0.001,"well-mixed"
"CBW3",4,4.3,44.7,40.5,6.92,1.83,32.34,32.82,25.338,26.236,0.898,"weakly stratified"
"CBW5",3,3.7,41.8,38.1,4.47,2.85,32.81,32.83,25.996,26.167,0.171,"well-mixed"
"CBW9",3,3.3,44.6,41.3,3.27,2.84,32.89,32.88,26.173,26.204,0.031,"well-mixed"
"CL0",3,3.1,28.1,25,2.5,0.39,30.41,31.68,24.259,25.413,1.154,"strongly stratified"
"CL1",3,3,43.9,40.8,2.76,0.73,30.73,32,24.495,25.65,1.155,"strongly stratified"
"CL1.5",4,3.2,45,41.7,2.38,1.38,31.41,32.14,25.069,25.72,0.651,"weakly stratified"
"CL2",2,9.9,45.9,36,3.21,1.77,31.1,32.33,24.755,25.85,1.095,"strongly stratified"
"CL2.5",4,3,48,45,5.27,2.05,30.79,32.51,24.309,25.973,1.664,"strongly stratified"
"CL3",4,3.2,50.1,46.8,6.13,2.49,31.25,32.76,24.578,26.136,1.558,"strongly stratified"
"CNL1",3,4.1,47.8,43.7,3.12,3.09,32.76,32.76,26.089,26.091,0.002,"well-mixed"
"CNL10",3,2.9,53.9,50.9,3.57,1.99,32.89,32.92,26.147,26.308,0.161,"well-mixed"
"CNL12",3,2.5,49.7,47.2,5.4,2.85,32.02,32.82,25.269,26.158,0.889,"weakly stratified"
"CNL2",4,4.1,52.6,48.5,4.31,3.31,32.71,32.75,25.932,26.063,0.131,"well-mixed"
"CNL5",3,4.2,43.8,39.5,3.74,3.63,32.81,32.83,26.067,26.094,0.027,"well-mixed"
"CNL7",2,3.1,10.2,7,4.79,2.82,32.82,32.78,25.968,26.132,0.164,"well-mixed"
"CNL9",4,3.3,54,50.7,3.22,1.97,32.61,32.84,25.959,26.241,0.282,"well-mixed"
"CPL1",2,3.8,12,8.2,5.33,5.34,30.72,30.71,24.244,24.237,-0.007,"well-mixed"
"CPL2",2,3.7,12.8,9.1,5.41,5.38,30.53,30.56,24.091,24.112,0.021,"well-mixed"
"CPL3",2,4.6,11.9,7.4,5.64,5.66,30.41,30.41,23.971,23.968,-0.003,"well-mixed"
"CPL6",3,3.7,21.8,18.1,3.05,2.94,32.2,32.2,25.643,25.652,0.009,"well-mixed"
"CPL7",3,4.6,24.8,20.3,3.5,3.54,32.42,32.46,25.778,25.806,0.028,"well-mixed"
"CPL8",3,3.6,40.1,36.5,3.7,3.94,32.51,32.62,25.835,25.898,0.063,"well-mixed"
"DBO1.10",4,13.2,49,35.8,6.43,0.7,31.91,32.66,25.061,26.185,1.124,"strongly stratified"
"DBO2.2",3,3.4,41.6,38.2,3.41,2.77,32.76,32.79,26.058,26.139,0.081,"well-mixed"
"DBO2.3",3,3.8,34.7,30.9,5.48,2.41,32.29,32.37,25.474,25.832,0.358,"well-mixed"
"DBO2.36",3,3.6,27.7,24.2,6.9,1.18,31.95,32.1,25.03,25.706,0.676,"weakly stratified"
"DBO2.5",2,4.2,45,40.7,3.31,3.27,32.88,32.88,26.168,26.169,0.001,"well-mixed"
"DBO3.1",3,3.4,32,28.6,6.08,0.76,30.81,31.42,24.234,25.182,0.948,"weakly stratified"
"DBO3.2",2,3.2,40,36.7,1.14,1.26,31.68,31.74,25.37,25.411,0.041,"well-mixed"
"DBO3.3",2,2.6,44.9,42.3,3.1,2.43,32.18,32.24,25.628,25.729,0.101,"well-mixed"
"DBO3.4",5,3,45.9,42.9,5.66,2.4,32.18,32.51,25.364,25.948,0.584,"weakly stratified"
"DBO3.5",3,3.4,49.8,46.4,3.81,2.85,32.78,32.77,26.04,26.114,0.074,"well-mixed"
"DBO3.6",7,2.8,55.1,52.4,3.6,2.84,32.84,32.85,26.11,26.18,0.07,"well-mixed"
"DBO3.7",4,2.7,47.1,44.4,3.78,3.19,32.83,32.83,26.078,26.139,0.061,"well-mixed"
"DBO3.8",4,3.2,46.8,43.6,3.92,2.86,32.88,32.9,26.109,26.222,0.113,"well-mixed"
"IL1",3,4,19.8,15.8,3.39,0.58,30.4,30.94,24.183,24.8,0.617,"weakly stratified"
"IL2",3,3.9,31.6,27.7,5.3,3.62,31.4,31.8,24.793,25.273,0.48,"well-mixed"
"IL3",2,3.6,33.3,29.7,5.8,1.99,31.99,32.37,25.202,25.863,0.661,"weakly stratified"
"IL7",3,3.6,39.3,35.7,2.81,2.74,32.34,32.45,25.781,25.876,0.095,"well-mixed"
"KL2",4,3,32.7,29.7,5.16,-1.42,31.1,31.85,24.569,25.615,1.046,"strongly stratified"
"KL4",4,2.8,40.9,38.1,4.19,2.13,32.4,32.47,25.7,25.934,0.234,"well-mixed"
"SLY2",3,3.5,18.4,14.9,7.15,2.07,31.66,32.26,24.765,25.773,1.008,"strongly stratified"
"SLY4",3,3,31.4,28.4,7.56,1.5,30.97,32.08,24.175,25.665,1.49,"strongly stratified"
"SLY5",3,2.9,22.1,19.2,9.99,2.33,29.54,31.95,22.694,25.507,2.813,"strongly stratified"
"SLY6",3,3.2,23.2,19.9,10.85,1.95,29.03,31.85,22.159,25.455,3.296,"strongly stratified"
"SLY7",3,3.5,21.6,18.1,9.6,1.68,29.99,31.75,23.105,25.393,2.288,"strongly stratified"
"SLY8",3,2.9,21,18.1,10.04,2.12,29.26,31.55,22.466,25.197,2.731,"strongly stratified"
"SLY9",3,3.3,16.9,13.6,10.91,2.2,25.01,31.12,19.025,24.848,5.823,"strongly stratified"
"SLY9.5",3,3.2,14,10.7,10.49,3.79,25.32,30.09,19.329,23.901,4.572,"strongly stratified"
