"cluster","phylum","class","fam_gen","mean_RA_pct","class_grp"
"A1","Bacteroidetes","Bacteroidia","Cryomorphaceae; NS10_marine_group",0.003,"Bacteroidia"
"A1","Bacteroidetes","Bacteroidia","Cryomorphaceae; uncultured",0.059,"Bacteroidia"
"A1","Bacteroidetes","Bacteroidia","Cyclobacteriaceae; Marinoscillum",0.279,"Bacteroidia"
"A1","Bacteroidetes","Bacteroidia","Flavobacteriaceae; Formosa",4.948,"Bacteroidia"
"A1","Bacteroidetes","Bacteroidia","Flavobacteriaceae; NS5_marine_group",0.012,"Bacteroidia"
"A1","Bacteroidetes","Bacteroidia","NS9_marine_group; NS9_marine_group_ge",0.189,"Bacteroidia"
"A1","Patescibacteria","Gracilibacteria","JGI_0000069-P22_fa; JGI_0000069-P22_ge",1.336,"Gracilibacteria"
"A1","Proteobacteria","Alphaproteobacteria","Clade_I; Clade_Ia",15.112,"Alphaproteobacteria"
"A1","Proteobacteria","Alphaproteobacteria","OCS116_clade; OCS116_clade_ge",0.779,"Alphaproteobacteria"
"A1","Proteobacteria","Alphaproteobacteria","Rhodobacteraceae; Amylibacter",3.161,"Alphaproteobacteria"
"A1","Proteobacteria","Alphaproteobacteria","Rhodobacteraceae; Loktanella",2.233,"Alphaproteobacteria"
"A1","Proteobacteria","Alphaproteobacteria","Rhodobacteraceae; Sulfitobacter",11.328,"Alphaproteobacteria"
"A1","Proteobacteria","Alphaproteobacteria","SAR116_clade; SAR116_clade_ge",1.33,"Alphaproteobacteria"
"A1","Proteobacteria","Gammaproteobacteria","Alteromonadaceae; Alteromonas",0.681,"Gammaproteobacteria"
"A1","Proteobacteria","Gammaproteobacteria","Alteromonadaceae; Paraglaciecola",0.975,"Gammaproteobacteria"
"A1","Proteobacteria","Gammaproteobacteria","Halieaceae; Halioglobus",0.816,"Gammaproteobacteria"
"A1","Proteobacteria","Gammaproteobacteria","Halieaceae; Luminiphilus",0.256,"Gammaproteobacteria"
"A1","Proteobacteria","Gammaproteobacteria","Halieaceae; OM60(NOR5)_clade",0.514,"Gammaproteobacteria"
"A1","Proteobacteria","Gammaproteobacteria","Nitrincolaceae; uncultured",27.854,"Gammaproteobacteria"
"A1","Proteobacteria","Gammaproteobacteria","OM182_clade_fa; OM182_clade_ge",5.673,"Gammaproteobacteria"
"A1","Proteobacteria","Gammaproteobacteria","Porticoccaceae; SAR92_clade",11.321,"Gammaproteobacteria"
"A1","Proteobacteria","Gammaproteobacteria","Pseudohongiellaceae; Pseudohongiella",2.093,"Gammaproteobacteria"
"A1","Proteobacteria","Gammaproteobacteria","SAR86_clade_fa; SAR86_clade_ge",0.454,"Gammaproteobacteria"
"A1","Proteobacteria","Gammaproteobacteria","Spongiibacteraceae; uncultured",1.806,"Gammaproteobacteria"
"A1","Proteobacteria","Gammaproteobacteria","Thioglobaceae; SUP05_cluster",2.083,"Gammaproteobacteria"
"A1","Verrucomicrobia","Verrucomicrobiae","Puniceicoccaceae; Lentimonas",2.086,"Verrucomicrobiae"
"A1","Verrucomicrobia","Verrucomicrobiae","Rubritaleaceae; Persicirhabdus",1.679,"Verrucomicrobiae"
"A1","Verrucomicrobia","Verrucomicrobiae","Rubritaleaceae; Roseibacillus",0.028,"Verrucomicrobiae"
"A2","Bacteroidetes","Bacteroidia","Cyclobacteriaceae; Marinoscillum",2.864,"Bacteroidia"
"A2","Proteobacteria","Alphaproteobacteria","Clade_I; Clade_Ia",13.657,"Alphaproteobacteria"
"A2","Proteobacteria","Alphaproteobacteria","Clade_III; Clade_III_ge",0.534,"Alphaproteobacteria"
"A2","Proteobacteria","Alphaproteobacteria","OCS116_clade; OCS116_clade_ge",0.023,"Alphaproteobacteria"
"A2","Proteobacteria","Alphaproteobacteria","Rhodobacteraceae; Amylibacter",3.952,"Alphaproteobacteria"
"A2","Proteobacteria","Alphaproteobacteria","Rhodobacteraceae; Loktanella",0.784,"Alphaproteobacteria"
"A2","Proteobacteria","Alphaproteobacteria","Rhodobacteraceae; Sulfitobacter",2.48,"Alphaproteobacteria"
"A2","Proteobacteria","Alphaproteobacteria","SAR116_clade; SAR116_clade_ge",2.679,"Alphaproteobacteria"
"A2","Proteobacteria","Gammaproteobacteria","Halieaceae; Halioglobus",0.551,"Gammaproteobacteria"
"A2","Proteobacteria","Gammaproteobacteria","Halieaceae; Luminiphilus",1.039,"Gammaproteobacteria"
"A2","Proteobacteria","Gammaproteobacteria","Halieaceae; OM60(NOR5)_clade",1.496,"Gammaproteobacteria"
"A2","Proteobacteria","Gammaproteobacteria","Moraxellaceae; Psychrobacter",3.829,"Gammaproteobacteria"
"A2","Proteobacteria","Gammaproteobacteria","Nitrincolaceae; uncultured",22.934,"Gammaproteobacteria"
"A2","Proteobacteria","Gammaproteobacteria","OM182_clade_fa; OM182_clade_ge",9.114,"Gammaproteobacteria"
"A2","Proteobacteria","Gammaproteobacteria","Porticoccaceae; SAR92_clade",7.405,"Gammaproteobacteria"
"A2","Proteobacteria","Gammaproteobacteria","Pseudohongiellaceae; Pseudohongiella",4.83,"Gammaproteobacteria"
"A2","Proteobacteria","Gammaproteobacteria","SAR86_clade_fa; SAR86_clade_ge",14.897,"Gammaproteobacteria"
"A2","Proteobacteria","Gammaproteobacteria","Spongiibacteraceae; uncultured",0.526,"Gammaproteobacteria"
"A2","Verrucomicrobia","Verrucomicrobiae","Rubritaleaceae; Persicirhabdus",1.327,"Verrucomicrobiae"
"A2","Verrucomicrobia","Verrucomicrobiae","Rubritaleaceae; Roseibacillus",0.322,"Verrucomicrobiae"
"B1","Bacteroidetes","Bacteroidia","Crocinitomicaceae; Fluviicola",1.117,"Bacteroidia"
"B1","Bacteroidetes","Bacteroidia","Cryomorphaceae; NS10_marine_group",0.016,"Bacteroidia"
"B1","Bacteroidetes","Bacteroidia","Cryomorphaceae; uncultured",3.459,"Bacteroidia"
"B1","Bacteroidetes","Bacteroidia","Flavobacteriaceae; Formosa",0.336,"Bacteroidia"
"B1","Bacteroidetes","Bacteroidia","Flavobacteriaceae; Lutibacter",0.432,"Bacteroidia"
"B1","Bacteroidetes","Bacteroidia","Flavobacteriaceae; Lutimonas",0.233,"Bacteroidia"
"B1","Bacteroidetes","Bacteroidia","Flavobacteriaceae; NS4_marine_group",1.463,"Bacteroidia"
"B1","Bacteroidetes","Bacteroidia","Flavobacteriaceae; NS5_marine_group",0.015,"Bacteroidia"
"B1","Bacteroidetes","Bacteroidia","Flavobacteriaceae; Polaribacter",6.742,"Bacteroidia"
"B1","Bacteroidetes","Bacteroidia","Flavobacteriaceae; Polaribacter_1",0.072,"Bacteroidia"
"B1","Bacteroidetes","Bacteroidia","Flavobacteriaceae; Tenacibaculum",3.172,"Bacteroidia"
"B1","Bacteroidetes","Bacteroidia","Flavobacteriaceae; Ulvibacter",7.851,"Bacteroidia"
"B1","Bacteroidetes","Bacteroidia","Flavobacteriaceae; uncultured",5.75,"Bacteroidia"
"B1","Bacteroidetes","Bacteroidia","NS11-12_marine_group; NS11-12_marine_group_ge",3.298,"Bacteroidia"
"B1","Bacteroidetes","Bacteroidia","NS9_marine_group; NS9_marine_group_ge",1.2,"Bacteroidia"
"B1","Patescibacteria","Gracilibacteria","JGI_0000069-P22_fa; JGI_0000069-P22_ge",0.458,"Gracilibacteria"
"B1","Proteobacteria","Alphaproteobacteria","Clade_I; Clade_Ia",7.092,"Alphaproteobacteria"
"B1","Proteobacteria","Alphaproteobacteria","Clade_II; Clade_II_ge",0.04,"Alphaproteobacteria"
"B1","Proteobacteria","Alphaproteobacteria","OCS116_clade; OCS116_clade_ge",0.539,"Alphaproteobacteria"
"B1","Proteobacteria","Alphaproteobacteria","Rhodobacteraceae; Amylibacter",1.791,"Alphaproteobacteria"
"B1","Proteobacteria","Alphaproteobacteria","Rhodobacteraceae; Loktanella",2.57,"Alphaproteobacteria"
"B1","Proteobacteria","Alphaproteobacteria","Rhodobacteraceae; Planktomarina",0.508,"Alphaproteobacteria"
"B1","Proteobacteria","Alphaproteobacteria","Rhodobacteraceae; Sulfitobacter",5.438,"Alphaproteobacteria"
"B1","Proteobacteria","Alphaproteobacteria","SAR116_clade; SAR116_clade_ge",0.55,"Alphaproteobacteria"
"B1","Proteobacteria","Gammaproteobacteria","Alteromonadaceae; Alteromonas",0.269,"Gammaproteobacteria"
"B1","Proteobacteria","Gammaproteobacteria","Alteromonadaceae; Paraglaciecola",0.77,"Gammaproteobacteria"
"B1","Proteobacteria","Gammaproteobacteria","Halieaceae; Halioglobus",0.36,"Gammaproteobacteria"
"B1","Proteobacteria","Gammaproteobacteria","Halieaceae; Luminiphilus",0.272,"Gammaproteobacteria"
"B1","Proteobacteria","Gammaproteobacteria","Halieaceae; OM60(NOR5)_clade",0.523,"Gammaproteobacteria"
"B1","Proteobacteria","Gammaproteobacteria","Nitrincolaceae; uncultured",17.565,"Gammaproteobacteria"
"B1","Proteobacteria","Gammaproteobacteria","OM182_clade_fa; OM182_clade_ge",3.292,"Gammaproteobacteria"
"B1","Proteobacteria","Gammaproteobacteria","Porticoccaceae; SAR92_clade",5.949,"Gammaproteobacteria"
"B1","Proteobacteria","Gammaproteobacteria","Pseudohongiellaceae; Pseudohongiella",1.055,"Gammaproteobacteria"
"B1","Proteobacteria","Gammaproteobacteria","SAR86_clade_fa; SAR86_clade_ge",1.131,"Gammaproteobacteria"
"B1","Proteobacteria","Gammaproteobacteria","Spongiibacteraceae; uncultured",1.564,"Gammaproteobacteria"
"B1","Proteobacteria","Gammaproteobacteria","Thioglobaceae; SUP05_cluster",5.15,"Gammaproteobacteria"
"B1","Thaumarchaeota","Nitrososphaeria","Nitrosopumilaceae; Candidatus_Nitrosopumilus",0.674,"Nitrososphaeria"
"B1","Verrucomicrobia","Verrucomicrobiae","Puniceicoccaceae; Lentimonas",2.461,"Verrucomicrobiae"
"B1","Verrucomicrobia","Verrucomicrobiae","Rubritaleaceae; Persicirhabdus",2.625,"Verrucomicrobiae"
"B1","Verrucomicrobia","Verrucomicrobiae","Rubritaleaceae; Roseibacillus",0.173,"Verrucomicrobiae"
"B2a","Bacteroidetes","Bacteroidia","Crocinitomicaceae; Fluviicola",1.24,"Bacteroidia"
"B2a","Bacteroidetes","Bacteroidia","Cryomorphaceae; NS10_marine_group",0.001,"Bacteroidia"
"B2a","Bacteroidetes","Bacteroidia","Cryomorphaceae; uncultured",1.882,"Bacteroidia"
"B2a","Bacteroidetes","Bacteroidia","Cyclobacteriaceae; Marinoscillum",0.392,"Bacteroidia"
"B2a","Bacteroidetes","Bacteroidia","Flavobacteriaceae; Formosa",0.019,"Bacteroidia"
"B2a","Bacteroidetes","Bacteroidia","Flavobacteriaceae; Lutibacter",0.465,"Bacteroidia"
"B2a","Bacteroidetes","Bacteroidia","Flavobacteriaceae; Lutimonas",0.662,"Bacteroidia"
"B2a","Bacteroidetes","Bacteroidia","Flavobacteriaceae; NS4_marine_group",1.135,"Bacteroidia"
"B2a","Bacteroidetes","Bacteroidia","Flavobacteriaceae; NS5_marine_group",0.023,"Bacteroidia"
"B2a","Bacteroidetes","Bacteroidia","Flavobacteriaceae; Polaribacter",6.629,"Bacteroidia"
"B2a","Bacteroidetes","Bacteroidia","Flavobacteriaceae; Polaribacter_1",1.947,"Bacteroidia"
"B2a","Bacteroidetes","Bacteroidia","Flavobacteriaceae; Tenacibaculum",2.167,"Bacteroidia"
"B2a","Bacteroidetes","Bacteroidia","Flavobacteriaceae; Ulvibacter",5.629,"Bacteroidia"
"B2a","Bacteroidetes","Bacteroidia","Flavobacteriaceae; uncultured",5.03,"Bacteroidia"
"B2a","Bacteroidetes","Bacteroidia","NS11-12_marine_group; NS11-12_marine_group_ge",2.693,"Bacteroidia"
"B2a","Bacteroidetes","Bacteroidia","NS9_marine_group; NS9_marine_group_ge",0.329,"Bacteroidia"
"B2a","Proteobacteria","Alphaproteobacteria","Clade_I; Clade_Ia",5.956,"Alphaproteobacteria"
"B2a","Proteobacteria","Alphaproteobacteria","Clade_II; Clade_II_ge",0.014,"Alphaproteobacteria"
"B2a","Proteobacteria","Alphaproteobacteria","Clade_III; Clade_III_ge",0.098,"Alphaproteobacteria"
"B2a","Proteobacteria","Alphaproteobacteria","OCS116_clade; OCS116_clade_ge",0.042,"Alphaproteobacteria"
"B2a","Proteobacteria","Alphaproteobacteria","Rhodobacteraceae; Amylibacter",2.171,"Alphaproteobacteria"
"B2a","Proteobacteria","Alphaproteobacteria","Rhodobacteraceae; Loktanella",2.142,"Alphaproteobacteria"
"B2a","Proteobacteria","Alphaproteobacteria","Rhodobacteraceae; Planktomarina",2.564,"Alphaproteobacteria"
"B2a","Proteobacteria","Alphaproteobacteria","Rhodobacteraceae; Sulfitobacter",5.443,"Alphaproteobacteria"
"B2a","Proteobacteria","Alphaproteobacteria","SAR116_clade; SAR116_clade_ge",0.856,"Alphaproteobacteria"
"B2a","Proteobacteria","Gammaproteobacteria","Alteromonadaceae; Alteromonas",2.18,"Gammaproteobacteria"
"B2a","Proteobacteria","Gammaproteobacteria","Alteromonadaceae; Paraglaciecola",0.394,"Gammaproteobacteria"
"B2a","Proteobacteria","Gammaproteobacteria","Halieaceae; Halioglobus",0.131,"Gammaproteobacteria"
"B2a","Proteobacteria","Gammaproteobacteria","Halieaceae; Luminiphilus",0.512,"Gammaproteobacteria"
"B2a","Proteobacteria","Gammaproteobacteria","Halieaceae; OM60(NOR5)_clade",0.775,"Gammaproteobacteria"
"B2a","Proteobacteria","Gammaproteobacteria","Nitrincolaceae; uncultured",20.551,"Gammaproteobacteria"
"B2a","Proteobacteria","Gammaproteobacteria","OM182_clade_fa; OM182_clade_ge",5.918,"Gammaproteobacteria"
"B2a","Proteobacteria","Gammaproteobacteria","Porticoccaceae; SAR92_clade",6.469,"Gammaproteobacteria"
"B2a","Proteobacteria","Gammaproteobacteria","Pseudohongiellaceae; Pseudohongiella",1.346,"Gammaproteobacteria"
"B2a","Proteobacteria","Gammaproteobacteria","SAR86_clade_fa; SAR86_clade_ge",5.607,"Gammaproteobacteria"
"B2a","Proteobacteria","Gammaproteobacteria","Spongiibacteraceae; uncultured",0.783,"Gammaproteobacteria"
"B2a","Proteobacteria","Gammaproteobacteria","Thioglobaceae; SUP05_cluster",1.381,"Gammaproteobacteria"
"B2a","Thaumarchaeota","Nitrososphaeria","Nitrosopumilaceae; Candidatus_Nitrosopumilus",0.028,"Nitrososphaeria"
"B2a","Verrucomicrobia","Verrucomicrobiae","Puniceicoccaceae; Lentimonas",1.19,"Verrucomicrobiae"
"B2a","Verrucomicrobia","Verrucomicrobiae","Rubritaleaceae; Persicirhabdus",0.722,"Verrucomicrobiae"
"B2a","Verrucomicrobia","Verrucomicrobiae","Rubritaleaceae; Roseibacillus",0.284,"Verrucomicrobiae"
"B2b","Bacteroidetes","Bacteroidia","Crocinitomicaceae; Fluviicola",1.372,"Bacteroidia"
"B2b","Bacteroidetes","Bacteroidia","Cryomorphaceae; uncultured",3.245,"Bacteroidia"
"B2b","Bacteroidetes","Bacteroidia","Cyclobacteriaceae; Marinoscillum",0.173,"Bacteroidia"
"B2b","Bacteroidetes","Bacteroidia","Flavobacteriaceae; Formosa",0.276,"Bacteroidia"
"B2b","Bacteroidetes","Bacteroidia","Flavobacteriaceae; Lutibacter",0.302,"Bacteroidia"
"B2b","Bacteroidetes","Bacteroidia","Flavobacteriaceae; Lutimonas",0.255,"Bacteroidia"
"B2b","Bacteroidetes","Bacteroidia","Flavobacteriaceae; NS4_marine_group",0.715,"Bacteroidia"
"B2b","Bacteroidetes","Bacteroidia","Flavobacteriaceae; Polaribacter",7.488,"Bacteroidia"
"B2b","Bacteroidetes","Bacteroidia","Flavobacteriaceae; Polaribacter_1",1.039,"Bacteroidia"
"B2b","Bacteroidetes","Bacteroidia","Flavobacteriaceae; Tenacibaculum",2.742,"Bacteroidia"
"B2b","Bacteroidetes","Bacteroidia","Flavobacteriaceae; Ulvibacter",10.446,"Bacteroidia"
"B2b","Bacteroidetes","Bacteroidia","Flavobacteriaceae; uncultured",5.25,"Bacteroidia"
"B2b","Bacteroidetes","Bacteroidia","NS11-12_marine_group; NS11-12_marine_group_ge",3.52,"Bacteroidia"
"B2b","Bacteroidetes","Bacteroidia","NS9_marine_group; NS9_marine_group_ge",0.143,"Bacteroidia"
"B2b","Proteobacteria","Alphaproteobacteria","Clade_I; Clade_Ia",5.837,"Alphaproteobacteria"
"B2b","Proteobacteria","Alphaproteobacteria","Clade_II; Clade_II_ge",0.014,"Alphaproteobacteria"
"B2b","Proteobacteria","Alphaproteobacteria","Clade_III; Clade_III_ge",0.059,"Alphaproteobacteria"
"B2b","Proteobacteria","Alphaproteobacteria","OCS116_clade; OCS116_clade_ge",0.078,"Alphaproteobacteria"
"B2b","Proteobacteria","Alphaproteobacteria","Rhodobacteraceae; Amylibacter",1.528,"Alphaproteobacteria"
"B2b","Proteobacteria","Alphaproteobacteria","Rhodobacteraceae; Loktanella",2.116,"Alphaproteobacteria"
"B2b","Proteobacteria","Alphaproteobacteria","Rhodobacteraceae; Planktomarina",0.507,"Alphaproteobacteria"
"B2b","Proteobacteria","Alphaproteobacteria","Rhodobacteraceae; Sulfitobacter",4.822,"Alphaproteobacteria"
"B2b","Proteobacteria","Alphaproteobacteria","SAR116_clade; SAR116_clade_ge",0.45,"Alphaproteobacteria"
"B2b","Proteobacteria","Gammaproteobacteria","Alteromonadaceae; Alteromonas",0.121,"Gammaproteobacteria"
"B2b","Proteobacteria","Gammaproteobacteria","Alteromonadaceae; Paraglaciecola",1.564,"Gammaproteobacteria"
"B2b","Proteobacteria","Gammaproteobacteria","Halieaceae; Halioglobus",0.378,"Gammaproteobacteria"
"B2b","Proteobacteria","Gammaproteobacteria","Halieaceae; Luminiphilus",0.626,"Gammaproteobacteria"
"B2b","Proteobacteria","Gammaproteobacteria","Halieaceae; OM60(NOR5)_clade",0.395,"Gammaproteobacteria"
"B2b","Proteobacteria","Gammaproteobacteria","Methylophagaceae; uncultured",0.015,"Gammaproteobacteria"
"B2b","Proteobacteria","Gammaproteobacteria","Moraxellaceae; Psychrobacter",0.716,"Gammaproteobacteria"
"B2b","Proteobacteria","Gammaproteobacteria","Nitrincolaceae; uncultured",25.435,"Gammaproteobacteria"
"B2b","Proteobacteria","Gammaproteobacteria","OM182_clade_fa; OM182_clade_ge",4.348,"Gammaproteobacteria"
"B2b","Proteobacteria","Gammaproteobacteria","Porticoccaceae; SAR92_clade",5.486,"Gammaproteobacteria"
"B2b","Proteobacteria","Gammaproteobacteria","Pseudohongiellaceae; Pseudohongiella",0.538,"Gammaproteobacteria"
"B2b","Proteobacteria","Gammaproteobacteria","SAR86_clade_fa; SAR86_clade_ge",0.544,"Gammaproteobacteria"
"B2b","Proteobacteria","Gammaproteobacteria","Spongiibacteraceae; uncultured",1.725,"Gammaproteobacteria"
"B2b","Proteobacteria","Gammaproteobacteria","Thioglobaceae; SUP05_cluster",0.39,"Gammaproteobacteria"
"B2b","Verrucomicrobia","Verrucomicrobiae","Puniceicoccaceae; Lentimonas",3.058,"Verrucomicrobiae"
"B2b","Verrucomicrobia","Verrucomicrobiae","Rubritaleaceae; Persicirhabdus",0.971,"Verrucomicrobiae"
"C1a","Bacteroidetes","Bacteroidia","Crocinitomicaceae; Fluviicola",1.476,"Bacteroidia"
"C1a","Bacteroidetes","Bacteroidia","Cryomorphaceae; NS10_marine_group",0.367,"Bacteroidia"
"C1a","Bacteroidetes","Bacteroidia","Cryomorphaceae; uncultured",2.762,"Bacteroidia"
"C1a","Bacteroidetes","Bacteroidia","Cyclobacteriaceae; Marinoscillum",0.731,"Bacteroidia"
"C1a","Bacteroidetes","Bacteroidia","Flavobacteriaceae; Formosa",3.282,"Bacteroidia"
"C1a","Bacteroidetes","Bacteroidia","Flavobacteriaceae; Lutibacter",0.349,"Bacteroidia"
"C1a","Bacteroidetes","Bacteroidia","Flavobacteriaceae; Lutimonas",0.338,"Bacteroidia"
"C1a","Bacteroidetes","Bacteroidia","Flavobacteriaceae; NS4_marine_group",0.709,"Bacteroidia"
"C1a","Bacteroidetes","Bacteroidia","Flavobacteriaceae; NS5_marine_group",0.916,"Bacteroidia"
"C1a","Bacteroidetes","Bacteroidia","Flavobacteriaceae; Polaribacter",3.396,"Bacteroidia"
"C1a","Bacteroidetes","Bacteroidia","Flavobacteriaceae; Tenacibaculum",3.429,"Bacteroidia"
"C1a","Bacteroidetes","Bacteroidia","Flavobacteriaceae; Ulvibacter",7.223,"Bacteroidia"
"C1a","Bacteroidetes","Bacteroidia","Flavobacteriaceae; uncultured",5.538,"Bacteroidia"
"C1a","Bacteroidetes","Bacteroidia","NS11-12_marine_group; NS11-12_marine_group_ge",3.595,"Bacteroidia"
"C1a","Bacteroidetes","Bacteroidia","NS9_marine_group; NS9_marine_group_ge",4.646,"Bacteroidia"
"C1a","Patescibacteria","Gracilibacteria","JGI_0000069-P22_fa; JGI_0000069-P22_ge",0.604,"Gracilibacteria"
"C1a","Proteobacteria","Alphaproteobacteria","Clade_I; Clade_Ia",2.679,"Alphaproteobacteria"
"C1a","Proteobacteria","Alphaproteobacteria","Clade_II; Clade_II_ge",0.192,"Alphaproteobacteria"
"C1a","Proteobacteria","Alphaproteobacteria","Clade_III; Clade_III_ge",0.028,"Alphaproteobacteria"
"C1a","Proteobacteria","Alphaproteobacteria","Magnetospiraceae; uncultured",0.426,"Alphaproteobacteria"
"C1a","Proteobacteria","Alphaproteobacteria","OCS116_clade; OCS116_clade_ge",0.243,"Alphaproteobacteria"
"C1a","Proteobacteria","Alphaproteobacteria","Rhodobacteraceae; Amylibacter",0.606,"Alphaproteobacteria"
"C1a","Proteobacteria","Alphaproteobacteria","Rhodobacteraceae; Ascidiaceihabitans",0.479,"Alphaproteobacteria"
"C1a","Proteobacteria","Alphaproteobacteria","Rhodobacteraceae; Loktanella",1.86,"Alphaproteobacteria"
"C1a","Proteobacteria","Alphaproteobacteria","Rhodobacteraceae; Planktomarina",4.039,"Alphaproteobacteria"
"C1a","Proteobacteria","Alphaproteobacteria","Rhodobacteraceae; Sulfitobacter",5.066,"Alphaproteobacteria"
"C1a","Proteobacteria","Alphaproteobacteria","SAR116_clade; SAR116_clade_ge",0.269,"Alphaproteobacteria"
"C1a","Proteobacteria","Gammaproteobacteria","Alteromonadaceae; Alteromonas",0.049,"Gammaproteobacteria"
"C1a","Proteobacteria","Gammaproteobacteria","Alteromonadaceae; Paraglaciecola",0.657,"Gammaproteobacteria"
"C1a","Proteobacteria","Gammaproteobacteria","Burkholderiaceae; RS62_marine_group",0.344,"Gammaproteobacteria"
"C1a","Proteobacteria","Gammaproteobacteria","Halieaceae; Halioglobus",0.214,"Gammaproteobacteria"
"C1a","Proteobacteria","Gammaproteobacteria","Halieaceae; Luminiphilus",0.434,"Gammaproteobacteria"
"C1a","Proteobacteria","Gammaproteobacteria","Halieaceae; OM60(NOR5)_clade",2.357,"Gammaproteobacteria"
"C1a","Proteobacteria","Gammaproteobacteria","Methylophagaceae; uncultured",0.612,"Gammaproteobacteria"
"C1a","Proteobacteria","Gammaproteobacteria","Methylophilaceae; Methylotenera",0.019,"Gammaproteobacteria"
"C1a","Proteobacteria","Gammaproteobacteria","Methylophilaceae; OM43_clade",0.48,"Gammaproteobacteria"
"C1a","Proteobacteria","Gammaproteobacteria","Moraxellaceae; Psychrobacter",0.099,"Gammaproteobacteria"
"C1a","Proteobacteria","Gammaproteobacteria","Nitrincolaceae; uncultured",14.948,"Gammaproteobacteria"
"C1a","Proteobacteria","Gammaproteobacteria","OM182_clade_fa; OM182_clade_ge",2.516,"Gammaproteobacteria"
"C1a","Proteobacteria","Gammaproteobacteria","Porticoccaceae; SAR92_clade",4.326,"Gammaproteobacteria"
"C1a","Proteobacteria","Gammaproteobacteria","Pseudohongiellaceae; Pseudohongiella",1.239,"Gammaproteobacteria"
"C1a","Proteobacteria","Gammaproteobacteria","SAR86_clade_fa; SAR86_clade_ge",3.092,"Gammaproteobacteria"
"C1a","Proteobacteria","Gammaproteobacteria","Spongiibacteraceae; uncultured",1.277,"Gammaproteobacteria"
"C1a","Proteobacteria","Gammaproteobacteria","Thioglobaceae; SUP05_cluster",2.275,"Gammaproteobacteria"
"C1a","Tenericutes","Mollicutes","Mycoplasmataceae; uncultured",0.026,"Mollicutes"
"C1a","Thaumarchaeota","Nitrososphaeria","Nitrosopumilaceae; Candidatus_Nitrosopumilus",0.265,"Nitrososphaeria"
"C1a","Verrucomicrobia","Verrucomicrobiae","Puniceicoccaceae; Lentimonas",1.632,"Verrucomicrobiae"
"C1a","Verrucomicrobia","Verrucomicrobiae","Rubritaleaceae; Persicirhabdus",3.723,"Verrucomicrobiae"
"C1a","Verrucomicrobia","Verrucomicrobiae","Rubritaleaceae; Roseibacillus",0.369,"Verrucomicrobiae"
"C1b1","Bacteroidetes","Bacteroidia","Crocinitomicaceae; Fluviicola",1.072,"Bacteroidia"
"C1b1","Bacteroidetes","Bacteroidia","Cryomorphaceae; NS10_marine_group",0.078,"Bacteroidia"
"C1b1","Bacteroidetes","Bacteroidia","Cryomorphaceae; uncultured",3.457,"Bacteroidia"
"C1b1","Bacteroidetes","Bacteroidia","Cyclobacteriaceae; Marinoscillum",0.278,"Bacteroidia"
"C1b1","Bacteroidetes","Bacteroidia","Flavobacteriaceae; Formosa",4.219,"Bacteroidia"
"C1b1","Bacteroidetes","Bacteroidia","Flavobacteriaceae; Lutibacter",0.097,"Bacteroidia"
"C1b1","Bacteroidetes","Bacteroidia","Flavobacteriaceae; NS4_marine_group",0.549,"Bacteroidia"
"C1b1","Bacteroidetes","Bacteroidia","Flavobacteriaceae; NS5_marine_group",1.316,"Bacteroidia"
"C1b1","Bacteroidetes","Bacteroidia","Flavobacteriaceae; Polaribacter",6.677,"Bacteroidia"
"C1b1","Bacteroidetes","Bacteroidia","Flavobacteriaceae; Tenacibaculum",2.354,"Bacteroidia"
"C1b1","Bacteroidetes","Bacteroidia","Flavobacteriaceae; Ulvibacter",10.642,"Bacteroidia"
"C1b1","Bacteroidetes","Bacteroidia","Flavobacteriaceae; uncultured",4.177,"Bacteroidia"
"C1b1","Bacteroidetes","Bacteroidia","NS11-12_marine_group; NS11-12_marine_group_ge",2.765,"Bacteroidia"
"C1b1","Bacteroidetes","Bacteroidia","NS9_marine_group; NS9_marine_group_ge",2.11,"Bacteroidia"
"C1b1","Patescibacteria","Gracilibacteria","JGI_0000069-P22_fa; JGI_0000069-P22_ge",0.548,"Gracilibacteria"
"C1b1","Proteobacteria","Alphaproteobacteria","Clade_I; Clade_Ia",7.432,"Alphaproteobacteria"
"C1b1","Proteobacteria","Alphaproteobacteria","Clade_II; Clade_II_ge",0.721,"Alphaproteobacteria"
"C1b1","Proteobacteria","Alphaproteobacteria","Clade_III; Clade_III_ge",0.291,"Alphaproteobacteria"
"C1b1","Proteobacteria","Alphaproteobacteria","Magnetospiraceae; uncultured",0.101,"Alphaproteobacteria"
"C1b1","Proteobacteria","Alphaproteobacteria","OCS116_clade; OCS116_clade_ge",0.14,"Alphaproteobacteria"
"C1b1","Proteobacteria","Alphaproteobacteria","Rhodobacteraceae; Amylibacter",1.808,"Alphaproteobacteria"
"C1b1","Proteobacteria","Alphaproteobacteria","Rhodobacteraceae; Ascidiaceihabitans",1.304,"Alphaproteobacteria"
"C1b1","Proteobacteria","Alphaproteobacteria","Rhodobacteraceae; Loktanella",1.679,"Alphaproteobacteria"
"C1b1","Proteobacteria","Alphaproteobacteria","Rhodobacteraceae; Planktomarina",3.351,"Alphaproteobacteria"
"C1b1","Proteobacteria","Alphaproteobacteria","Rhodobacteraceae; Sulfitobacter",6.686,"Alphaproteobacteria"
"C1b1","Proteobacteria","Alphaproteobacteria","SAR116_clade; SAR116_clade_ge",0.582,"Alphaproteobacteria"
"C1b1","Proteobacteria","Gammaproteobacteria","Alteromonadaceae; Alteromonas",0.102,"Gammaproteobacteria"
"C1b1","Proteobacteria","Gammaproteobacteria","Alteromonadaceae; Paraglaciecola",1.349,"Gammaproteobacteria"
"C1b1","Proteobacteria","Gammaproteobacteria","Burkholderiaceae; RS62_marine_group",0.467,"Gammaproteobacteria"
"C1b1","Proteobacteria","Gammaproteobacteria","Halieaceae; Luminiphilus",0.072,"Gammaproteobacteria"
"C1b1","Proteobacteria","Gammaproteobacteria","Halieaceae; OM60(NOR5)_clade",0.198,"Gammaproteobacteria"
"C1b1","Proteobacteria","Gammaproteobacteria","Methylophagaceae; uncultured",0.231,"Gammaproteobacteria"
"C1b1","Proteobacteria","Gammaproteobacteria","Methylophilaceae; Methylotenera",0.188,"Gammaproteobacteria"
"C1b1","Proteobacteria","Gammaproteobacteria","Methylophilaceae; OM43_clade",0.52,"Gammaproteobacteria"
"C1b1","Proteobacteria","Gammaproteobacteria","Moraxellaceae; Psychrobacter",0.018,"Gammaproteobacteria"
"C1b1","Proteobacteria","Gammaproteobacteria","Nitrincolaceae; uncultured",11.294,"Gammaproteobacteria"
"C1b1","Proteobacteria","Gammaproteobacteria","OM182_clade_fa; OM182_clade_ge",2.282,"Gammaproteobacteria"
"C1b1","Proteobacteria","Gammaproteobacteria","Porticoccaceae; SAR92_clade",3.85,"Gammaproteobacteria"
"C1b1","Proteobacteria","Gammaproteobacteria","Pseudohongiellaceae; Pseudohongiella",0.581,"Gammaproteobacteria"
"C1b1","Proteobacteria","Gammaproteobacteria","SAR86_clade_fa; SAR86_clade_ge",1.781,"Gammaproteobacteria"
"C1b1","Proteobacteria","Gammaproteobacteria","Spongiibacteraceae; uncultured",1.225,"Gammaproteobacteria"
"C1b1","Proteobacteria","Gammaproteobacteria","Thioglobaceae; SUP05_cluster",3.208,"Gammaproteobacteria"
"C1b1","Tenericutes","Mollicutes","Mycoplasmataceae; uncultured",1.002,"Mollicutes"
"C1b1","Thaumarchaeota","Nitrososphaeria","Nitrosopumilaceae; Candidatus_Nitrosopumilus",0.164,"Nitrososphaeria"
"C1b1","Verrucomicrobia","Verrucomicrobiae","Puniceicoccaceae; Lentimonas",2.36,"Verrucomicrobiae"
"C1b1","Verrucomicrobia","Verrucomicrobiae","Rubritaleaceae; Persicirhabdus",0.837,"Verrucomicrobiae"
"C1b1","Verrucomicrobia","Verrucomicrobiae","Rubritaleaceae; Roseibacillus",0.12,"Verrucomicrobiae"
"C1b2","Bacteroidetes","Bacteroidia","Crocinitomicaceae; Fluviicola",0.582,"Bacteroidia"
"C1b2","Bacteroidetes","Bacteroidia","Cryomorphaceae; NS10_marine_group",0.317,"Bacteroidia"
"C1b2","Bacteroidetes","Bacteroidia","Cryomorphaceae; uncultured",2.684,"Bacteroidia"
"C1b2","Bacteroidetes","Bacteroidia","Cyclobacteriaceae; Marinoscillum",0.337,"Bacteroidia"
"C1b2","Bacteroidetes","Bacteroidia","Flavobacteriaceae; Formosa",2.99,"Bacteroidia"
"C1b2","Bacteroidetes","Bacteroidia","Flavobacteriaceae; Lutibacter",0.295,"Bacteroidia"
"C1b2","Bacteroidetes","Bacteroidia","Flavobacteriaceae; NS4_marine_group",1.349,"Bacteroidia"
"C1b2","Bacteroidetes","Bacteroidia","Flavobacteriaceae; NS5_marine_group",0.789,"Bacteroidia"
"C1b2","Bacteroidetes","Bacteroidia","Flavobacteriaceae; Polaribacter",8.082,"Bacteroidia"
"C1b2","Bacteroidetes","Bacteroidia","Flavobacteriaceae; Tenacibaculum",1.9,"Bacteroidia"
"C1b2","Bacteroidetes","Bacteroidia","Flavobacteriaceae; Ulvibacter",5.186,"Bacteroidia"
"C1b2","Bacteroidetes","Bacteroidia","Flavobacteriaceae; uncultured",5.021,"Bacteroidia"
"C1b2","Bacteroidetes","Bacteroidia","NS11-12_marine_group; NS11-12_marine_group_ge",1.357,"Bacteroidia"
"C1b2","Bacteroidetes","Bacteroidia","NS9_marine_group; NS9_marine_group_ge",3.835,"Bacteroidia"
"C1b2","Proteobacteria","Alphaproteobacteria","Clade_I; Clade_Ia",6.959,"Alphaproteobacteria"
"C1b2","Proteobacteria","Alphaproteobacteria","Clade_II; Clade_II_ge",1.318,"Alphaproteobacteria"
"C1b2","Proteobacteria","Alphaproteobacteria","Clade_III; Clade_III_ge",0.046,"Alphaproteobacteria"
"C1b2","Proteobacteria","Alphaproteobacteria","Magnetospiraceae; uncultured",0.212,"Alphaproteobacteria"
"C1b2","Proteobacteria","Alphaproteobacteria","OCS116_clade; OCS116_clade_ge",0.675,"Alphaproteobacteria"
"C1b2","Proteobacteria","Alphaproteobacteria","Rhodobacteraceae; Amylibacter",1.536,"Alphaproteobacteria"
"C1b2","Proteobacteria","Alphaproteobacteria","Rhodobacteraceae; Ascidiaceihabitans",1.023,"Alphaproteobacteria"
"C1b2","Proteobacteria","Alphaproteobacteria","Rhodobacteraceae; Loktanella",2.663,"Alphaproteobacteria"
"C1b2","Proteobacteria","Alphaproteobacteria","Rhodobacteraceae; Planktomarina",2.083,"Alphaproteobacteria"
"C1b2","Proteobacteria","Alphaproteobacteria","Rhodobacteraceae; Sulfitobacter",2.71,"Alphaproteobacteria"
"C1b2","Proteobacteria","Alphaproteobacteria","SAR116_clade; SAR116_clade_ge",0.725,"Alphaproteobacteria"
"C1b2","Proteobacteria","Gammaproteobacteria","Alteromonadaceae; Alteromonas",0.77,"Gammaproteobacteria"
"C1b2","Proteobacteria","Gammaproteobacteria","Alteromonadaceae; Paraglaciecola",1.112,"Gammaproteobacteria"
"C1b2","Proteobacteria","Gammaproteobacteria","Burkholderiaceae; RS62_marine_group",0.083,"Gammaproteobacteria"
"C1b2","Proteobacteria","Gammaproteobacteria","Halieaceae; OM60(NOR5)_clade",1.018,"Gammaproteobacteria"
"C1b2","Proteobacteria","Gammaproteobacteria","Methylophagaceae; uncultured",0.663,"Gammaproteobacteria"
"C1b2","Proteobacteria","Gammaproteobacteria","Methylophilaceae; Methylotenera",0.072,"Gammaproteobacteria"
"C1b2","Proteobacteria","Gammaproteobacteria","Methylophilaceae; OM43_clade",0.687,"Gammaproteobacteria"
"C1b2","Proteobacteria","Gammaproteobacteria","Moraxellaceae; Psychrobacter",1.056,"Gammaproteobacteria"
"C1b2","Proteobacteria","Gammaproteobacteria","Nitrincolaceae; uncultured",10.767,"Gammaproteobacteria"
"C1b2","Proteobacteria","Gammaproteobacteria","OM182_clade_fa; OM182_clade_ge",1.912,"Gammaproteobacteria"
"C1b2","Proteobacteria","Gammaproteobacteria","Porticoccaceae; SAR92_clade",2.405,"Gammaproteobacteria"
"C1b2","Proteobacteria","Gammaproteobacteria","Pseudohongiellaceae; Pseudohongiella",0.806,"Gammaproteobacteria"
"C1b2","Proteobacteria","Gammaproteobacteria","SAR86_clade_fa; SAR86_clade_ge",2.349,"Gammaproteobacteria"
"C1b2","Proteobacteria","Gammaproteobacteria","Spongiibacteraceae; uncultured",1.758,"Gammaproteobacteria"
"C1b2","Proteobacteria","Gammaproteobacteria","Thioglobaceae; SUP05_cluster",7.111,"Gammaproteobacteria"
"C1b2","Tenericutes","Mollicutes","Mycoplasmataceae; uncultured",2.314,"Mollicutes"
"C1b2","Thaumarchaeota","Nitrososphaeria","Nitrosopumilaceae; Candidatus_Nitrosopumilus",1.201,"Nitrososphaeria"
"C1b2","Verrucomicrobia","Verrucomicrobiae","Puniceicoccaceae; Lentimonas",0.772,"Verrucomicrobiae"
"C1b2","Verrucomicrobia","Verrucomicrobiae","Rubritaleaceae; Persicirhabdus",0.683,"Verrucomicrobiae"
"C1b2","Verrucomicrobia","Verrucomicrobiae","Rubritaleaceae; Roseibacillus",0.795,"Verrucomicrobiae"
"C2a","Bacteroidetes","Bacteroidia","Crocinitomicaceae; Fluviicola",1.142,"Bacteroidia"
"C2a","Bacteroidetes","Bacteroidia","Cryomorphaceae; NS10_marine_group",0.267,"Bacteroidia"
"C2a","Bacteroidetes","Bacteroidia","Cryomorphaceae; uncultured",1.6,"Bacteroidia"
"C2a","Bacteroidetes","Bacteroidia","Cyclobacteriaceae; Marinoscillum",1.549,"Bacteroidia"
"C2a","Bacteroidetes","Bacteroidia","Flavobacteriaceae; Formosa",2.941,"Bacteroidia"
"C2a","Bacteroidetes","Bacteroidia","Flavobacteriaceae; Lutibacter",0.237,"Bacteroidia"
"C2a","Bacteroidetes","Bacteroidia","Flavobacteriaceae; Lutimonas",0.698,"Bacteroidia"
"C2a","Bacteroidetes","Bacteroidia","Flavobacteriaceae; NS4_marine_group",1.265,"Bacteroidia"
"C2a","Bacteroidetes","Bacteroidia","Flavobacteriaceae; NS5_marine_group",4.859,"Bacteroidia"
"C2a","Bacteroidetes","Bacteroidia","Flavobacteriaceae; Polaribacter",2.07,"Bacteroidia"
"C2a","Bacteroidetes","Bacteroidia","Flavobacteriaceae; Polaribacter_1",0.535,"Bacteroidia"
"C2a","Bacteroidetes","Bacteroidia","Flavobacteriaceae; Tenacibaculum",0.421,"Bacteroidia"
"C2a","Bacteroidetes","Bacteroidia","Flavobacteriaceae; Ulvibacter",3.605,"Bacteroidia"
"C2a","Bacteroidetes","Bacteroidia","Flavobacteriaceae; uncultured",1.369,"Bacteroidia"
"C2a","Bacteroidetes","Bacteroidia","NS11-12_marine_group; NS11-12_marine_group_ge",0.962,"Bacteroidia"
"C2a","Bacteroidetes","Bacteroidia","NS9_marine_group; NS9_marine_group_ge",0.307,"Bacteroidia"
"C2a","Patescibacteria","Gracilibacteria","JGI_0000069-P22_fa; JGI_0000069-P22_ge",0.241,"Gracilibacteria"
"C2a","Proteobacteria","Alphaproteobacteria","Clade_I; Clade_Ia",18.704,"Alphaproteobacteria"
"C2a","Proteobacteria","Alphaproteobacteria","Clade_II; Clade_II_ge",0.274,"Alphaproteobacteria"
"C2a","Proteobacteria","Alphaproteobacteria","Clade_III; Clade_III_ge",1.63,"Alphaproteobacteria"
"C2a","Proteobacteria","Alphaproteobacteria","Magnetospiraceae; uncultured",1.049,"Alphaproteobacteria"
"C2a","Proteobacteria","Alphaproteobacteria","Rhodobacteraceae; Amylibacter",1.204,"Alphaproteobacteria"
"C2a","Proteobacteria","Alphaproteobacteria","Rhodobacteraceae; Ascidiaceihabitans",1.218,"Alphaproteobacteria"
"C2a","Proteobacteria","Alphaproteobacteria","Rhodobacteraceae; Loktanella",0.362,"Alphaproteobacteria"
"C2a","Proteobacteria","Alphaproteobacteria","Rhodobacteraceae; Planktomarina",3.094,"Alphaproteobacteria"
"C2a","Proteobacteria","Alphaproteobacteria","Rhodobacteraceae; Sulfitobacter",0.844,"Alphaproteobacteria"
"C2a","Proteobacteria","Alphaproteobacteria","SAR116_clade; SAR116_clade_ge",2.847,"Alphaproteobacteria"
"C2a","Proteobacteria","Gammaproteobacteria","Alteromonadaceae; Alteromonas",0.174,"Gammaproteobacteria"
"C2a","Proteobacteria","Gammaproteobacteria","Alteromonadaceae; Paraglaciecola",0.111,"Gammaproteobacteria"
"C2a","Proteobacteria","Gammaproteobacteria","Burkholderiaceae; RS62_marine_group",0.571,"Gammaproteobacteria"
"C2a","Proteobacteria","Gammaproteobacteria","Halieaceae; Luminiphilus",0.27,"Gammaproteobacteria"
"C2a","Proteobacteria","Gammaproteobacteria","Halieaceae; OM60(NOR5)_clade",2.046,"Gammaproteobacteria"
"C2a","Proteobacteria","Gammaproteobacteria","Methylophagaceae; uncultured",0.202,"Gammaproteobacteria"
"C2a","Proteobacteria","Gammaproteobacteria","Methylophilaceae; Methylotenera",0.147,"Gammaproteobacteria"
"C2a","Proteobacteria","Gammaproteobacteria","Methylophilaceae; OM43_clade",1.043,"Gammaproteobacteria"
"C2a","Proteobacteria","Gammaproteobacteria","Moraxellaceae; Psychrobacter",1.78,"Gammaproteobacteria"
"C2a","Proteobacteria","Gammaproteobacteria","Nitrincolaceae; uncultured",12.571,"Gammaproteobacteria"
"C2a","Proteobacteria","Gammaproteobacteria","OM182_clade_fa; OM182_clade_ge",3.251,"Gammaproteobacteria"
"C2a","Proteobacteria","Gammaproteobacteria","Porticoccaceae; SAR92_clade",2.076,"Gammaproteobacteria"
"C2a","Proteobacteria","Gammaproteobacteria","Pseudohongiellaceae; Pseudohongiella",1.233,"Gammaproteobacteria"
"C2a","Proteobacteria","Gammaproteobacteria","SAR86_clade_fa; SAR86_clade_ge",6.171,"Gammaproteobacteria"
"C2a","Proteobacteria","Gammaproteobacteria","Spongiibacteraceae; uncultured",0.401,"Gammaproteobacteria"
"C2a","Proteobacteria","Gammaproteobacteria","Thioglobaceae; SUP05_cluster",2.442,"Gammaproteobacteria"
"C2a","Tenericutes","Mollicutes","Mycoplasmataceae; uncultured",0.063,"Mollicutes"
"C2a","Thaumarchaeota","Nitrososphaeria","Nitrosopumilaceae; Candidatus_Nitrosopumilus",0.04,"Nitrososphaeria"
"C2a","Verrucomicrobia","Verrucomicrobiae","Puniceicoccaceae; Lentimonas",0.235,"Verrucomicrobiae"
"C2a","Verrucomicrobia","Verrucomicrobiae","Rubritaleaceae; Persicirhabdus",0.672,"Verrucomicrobiae"
"C2a","Verrucomicrobia","Verrucomicrobiae","Rubritaleaceae; Roseibacillus",0.305,"Verrucomicrobiae"
"C2b1","Bacteroidetes","Bacteroidia","Crocinitomicaceae; Fluviicola",2.822,"Bacteroidia"
"C2b1","Bacteroidetes","Bacteroidia","Cryomorphaceae; NS10_marine_group",0.946,"Bacteroidia"
"C2b1","Bacteroidetes","Bacteroidia","Cryomorphaceae; uncultured",0.647,"Bacteroidia"
"C2b1","Bacteroidetes","Bacteroidia","Cyclobacteriaceae; Marinoscillum",2.51,"Bacteroidia"
"C2b1","Bacteroidetes","Bacteroidia","Flavobacteriaceae; Formosa",5.464,"Bacteroidia"
"C2b1","Bacteroidetes","Bacteroidia","Flavobacteriaceae; Lutibacter",0.113,"Bacteroidia"
"C2b1","Bacteroidetes","Bacteroidia","Flavobacteriaceae; Lutimonas",0.839,"Bacteroidia"
"C2b1","Bacteroidetes","Bacteroidia","Flavobacteriaceae; NS4_marine_group",0.157,"Bacteroidia"
"C2b1","Bacteroidetes","Bacteroidia","Flavobacteriaceae; NS5_marine_group",5.719,"Bacteroidia"
"C2b1","Bacteroidetes","Bacteroidia","Flavobacteriaceae; Polaribacter",4.577,"Bacteroidia"
"C2b1","Bacteroidetes","Bacteroidia","Flavobacteriaceae; Polaribacter_1",1.031,"Bacteroidia"
"C2b1","Bacteroidetes","Bacteroidia","Flavobacteriaceae; Tenacibaculum",2.261,"Bacteroidia"
"C2b1","Bacteroidetes","Bacteroidia","Flavobacteriaceae; Ulvibacter",1.336,"Bacteroidia"
"C2b1","Bacteroidetes","Bacteroidia","Flavobacteriaceae; uncultured",2.212,"Bacteroidia"
"C2b1","Bacteroidetes","Bacteroidia","NS11-12_marine_group; NS11-12_marine_group_ge",4.465,"Bacteroidia"
"C2b1","Bacteroidetes","Bacteroidia","NS9_marine_group; NS9_marine_group_ge",1.403,"Bacteroidia"
"C2b1","Proteobacteria","Alphaproteobacteria","Clade_I; Clade_Ia",0.306,"Alphaproteobacteria"
"C2b1","Proteobacteria","Alphaproteobacteria","Clade_III; Clade_III_ge",0.036,"Alphaproteobacteria"
"C2b1","Proteobacteria","Alphaproteobacteria","Magnetospiraceae; uncultured",0.341,"Alphaproteobacteria"
"C2b1","Proteobacteria","Alphaproteobacteria","Rhodobacteraceae; Amylibacter",1.159,"Alphaproteobacteria"
"C2b1","Proteobacteria","Alphaproteobacteria","Rhodobacteraceae; Ascidiaceihabitans",0.228,"Alphaproteobacteria"
"C2b1","Proteobacteria","Alphaproteobacteria","Rhodobacteraceae; Loktanella",1.801,"Alphaproteobacteria"
"C2b1","Proteobacteria","Alphaproteobacteria","Rhodobacteraceae; Planktomarina",6.156,"Alphaproteobacteria"
"C2b1","Proteobacteria","Alphaproteobacteria","Rhodobacteraceae; Sulfitobacter",4.064,"Alphaproteobacteria"
"C2b1","Proteobacteria","Alphaproteobacteria","SAR116_clade; SAR116_clade_ge",0.074,"Alphaproteobacteria"
"C2b1","Proteobacteria","Gammaproteobacteria","Alteromonadaceae; Paraglaciecola",0.083,"Gammaproteobacteria"
"C2b1","Proteobacteria","Gammaproteobacteria","Burkholderiaceae; RS62_marine_group",1.585,"Gammaproteobacteria"
"C2b1","Proteobacteria","Gammaproteobacteria","Halieaceae; Halioglobus",0.17,"Gammaproteobacteria"
"C2b1","Proteobacteria","Gammaproteobacteria","Halieaceae; Luminiphilus",0.074,"Gammaproteobacteria"
"C2b1","Proteobacteria","Gammaproteobacteria","Halieaceae; OM60(NOR5)_clade",2.457,"Gammaproteobacteria"
"C2b1","Proteobacteria","Gammaproteobacteria","Methylophagaceae; uncultured",0.568,"Gammaproteobacteria"
"C2b1","Proteobacteria","Gammaproteobacteria","Methylophilaceae; Methylotenera",0.652,"Gammaproteobacteria"
"C2b1","Proteobacteria","Gammaproteobacteria","Methylophilaceae; OM43_clade",0.297,"Gammaproteobacteria"
"C2b1","Proteobacteria","Gammaproteobacteria","Moraxellaceae; Psychrobacter",0.106,"Gammaproteobacteria"
"C2b1","Proteobacteria","Gammaproteobacteria","Nitrincolaceae; uncultured",17.492,"Gammaproteobacteria"
"C2b1","Proteobacteria","Gammaproteobacteria","OM182_clade_fa; OM182_clade_ge",8.511,"Gammaproteobacteria"
"C2b1","Proteobacteria","Gammaproteobacteria","Porticoccaceae; SAR92_clade",5.487,"Gammaproteobacteria"
"C2b1","Proteobacteria","Gammaproteobacteria","Pseudohongiellaceae; Pseudohongiella",1.184,"Gammaproteobacteria"
"C2b1","Proteobacteria","Gammaproteobacteria","SAR86_clade_fa; SAR86_clade_ge",4.192,"Gammaproteobacteria"
"C2b1","Proteobacteria","Gammaproteobacteria","Spongiibacteraceae; uncultured",0.035,"Gammaproteobacteria"
"C2b1","Proteobacteria","Gammaproteobacteria","Thioglobaceae; SUP05_cluster",0.057,"Gammaproteobacteria"
"C2b1","Thaumarchaeota","Nitrososphaeria","Nitrosopumilaceae; Candidatus_Nitrosopumilus",0.096,"Nitrososphaeria"
"C2b1","Verrucomicrobia","Verrucomicrobiae","Puniceicoccaceae; Lentimonas",1.647,"Verrucomicrobiae"
"C2b1","Verrucomicrobia","Verrucomicrobiae","Rubritaleaceae; Persicirhabdus",1.078,"Verrucomicrobiae"
"C2b1","Verrucomicrobia","Verrucomicrobiae","Rubritaleaceae; Roseibacillus",0.094,"Verrucomicrobiae"
"C2b2","Bacteroidetes","Bacteroidia","Crocinitomicaceae; Fluviicola",1.086,"Bacteroidia"
"C2b2","Bacteroidetes","Bacteroidia","Cryomorphaceae; NS10_marine_group",0.506,"Bacteroidia"
"C2b2","Bacteroidetes","Bacteroidia","Cryomorphaceae; uncultured",2.995,"Bacteroidia"
"C2b2","Bacteroidetes","Bacteroidia","Cyclobacteriaceae; Marinoscillum",0.971,"Bacteroidia"
"C2b2","Bacteroidetes","Bacteroidia","Flavobacteriaceae; Formosa",2.523,"Bacteroidia"
"C2b2","Bacteroidetes","Bacteroidia","Flavobacteriaceae; Lutibacter",0.202,"Bacteroidia"
"C2b2","Bacteroidetes","Bacteroidia","Flavobacteriaceae; Lutimonas",0.223,"Bacteroidia"
"C2b2","Bacteroidetes","Bacteroidia","Flavobacteriaceae; NS4_marine_group",0.56,"Bacteroidia"
"C2b2","Bacteroidetes","Bacteroidia","Flavobacteriaceae; NS5_marine_group",2.223,"Bacteroidia"
"C2b2","Bacteroidetes","Bacteroidia","Flavobacteriaceae; Polaribacter",6.059,"Bacteroidia"
"C2b2","Bacteroidetes","Bacteroidia","Flavobacteriaceae; Polaribacter_1",0.906,"Bacteroidia"
"C2b2","Bacteroidetes","Bacteroidia","Flavobacteriaceae; Tenacibaculum",2.229,"Bacteroidia"
"C2b2","Bacteroidetes","Bacteroidia","Flavobacteriaceae; Ulvibacter",6.966,"Bacteroidia"
"C2b2","Bacteroidetes","Bacteroidia","Flavobacteriaceae; uncultured",4.509,"Bacteroidia"
"C2b2","Bacteroidetes","Bacteroidia","NS11-12_marine_group; NS11-12_marine_group_ge",3.078,"Bacteroidia"
"C2b2","Bacteroidetes","Bacteroidia","NS9_marine_group; NS9_marine_group_ge",1.153,"Bacteroidia"
"C2b2","Patescibacteria","Gracilibacteria","JGI_0000069-P22_fa; JGI_0000069-P22_ge",0.016,"Gracilibacteria"
"C2b2","Proteobacteria","Alphaproteobacteria","Clade_I; Clade_Ia",5.659,"Alphaproteobacteria"
"C2b2","Proteobacteria","Alphaproteobacteria","Clade_II; Clade_II_ge",0.186,"Alphaproteobacteria"
"C2b2","Proteobacteria","Alphaproteobacteria","Clade_III; Clade_III_ge",0.204,"Alphaproteobacteria"
"C2b2","Proteobacteria","Alphaproteobacteria","Magnetospiraceae; uncultured",0.351,"Alphaproteobacteria"
"C2b2","Proteobacteria","Alphaproteobacteria","OCS116_clade; OCS116_clade_ge",0.017,"Alphaproteobacteria"
"C2b2","Proteobacteria","Alphaproteobacteria","Rhodobacteraceae; Amylibacter",0.701,"Alphaproteobacteria"
"C2b2","Proteobacteria","Alphaproteobacteria","Rhodobacteraceae; Ascidiaceihabitans",0.968,"Alphaproteobacteria"
"C2b2","Proteobacteria","Alphaproteobacteria","Rhodobacteraceae; Loktanella",1.676,"Alphaproteobacteria"
"C2b2","Proteobacteria","Alphaproteobacteria","Rhodobacteraceae; Planktomarina",2.646,"Alphaproteobacteria"
"C2b2","Proteobacteria","Alphaproteobacteria","Rhodobacteraceae; Sulfitobacter",3.508,"Alphaproteobacteria"
"C2b2","Proteobacteria","Alphaproteobacteria","SAR116_clade; SAR116_clade_ge",0.299,"Alphaproteobacteria"
"C2b2","Proteobacteria","Gammaproteobacteria","Alteromonadaceae; Alteromonas",0.243,"Gammaproteobacteria"
"C2b2","Proteobacteria","Gammaproteobacteria","Alteromonadaceae; Paraglaciecola",1.357,"Gammaproteobacteria"
"C2b2","Proteobacteria","Gammaproteobacteria","Burkholderiaceae; RS62_marine_group",0.429,"Gammaproteobacteria"
"C2b2","Proteobacteria","Gammaproteobacteria","Halieaceae; Halioglobus",0.089,"Gammaproteobacteria"
"C2b2","Proteobacteria","Gammaproteobacteria","Halieaceae; Luminiphilus",0.381,"Gammaproteobacteria"
"C2b2","Proteobacteria","Gammaproteobacteria","Halieaceae; OM60(NOR5)_clade",1.028,"Gammaproteobacteria"
"C2b2","Proteobacteria","Gammaproteobacteria","Methylophagaceae; uncultured",0.833,"Gammaproteobacteria"
"C2b2","Proteobacteria","Gammaproteobacteria","Methylophilaceae; Methylotenera",0.761,"Gammaproteobacteria"
"C2b2","Proteobacteria","Gammaproteobacteria","Methylophilaceae; OM43_clade",0.446,"Gammaproteobacteria"
"C2b2","Proteobacteria","Gammaproteobacteria","Moraxellaceae; Psychrobacter",0.065,"Gammaproteobacteria"
"C2b2","Proteobacteria","Gammaproteobacteria","Nitrincolaceae; uncultured",22.625,"Gammaproteobacteria"
"C2b2","Proteobacteria","Gammaproteobacteria","OM182_clade_fa; OM182_clade_ge",4.101,"Gammaproteobacteria"
"C2b2","Proteobacteria","Gammaproteobacteria","Porticoccaceae; SAR92_clade",3.013,"Gammaproteobacteria"
"C2b2","Proteobacteria","Gammaproteobacteria","Pseudohongiellaceae; Pseudohongiella",0.547,"Gammaproteobacteria"
"C2b2","Proteobacteria","Gammaproteobacteria","SAR86_clade_fa; SAR86_clade_ge",1.779,"Gammaproteobacteria"
"C2b2","Proteobacteria","Gammaproteobacteria","Spongiibacteraceae; uncultured",1.306,"Gammaproteobacteria"
"C2b2","Proteobacteria","Gammaproteobacteria","Thioglobaceae; SUP05_cluster",1.514,"Gammaproteobacteria"
"C2b2","Tenericutes","Mollicutes","Mycoplasmataceae; uncultured",0.056,"Mollicutes"
"C2b2","Thaumarchaeota","Nitrososphaeria","Nitrosopumilaceae; Candidatus_Nitrosopumilus",0.071,"Nitrososphaeria"
"C2b2","Verrucomicrobia","Verrucomicrobiae","Puniceicoccaceae; Lentimonas",2.38,"Verrucomicrobiae"
"C2b2","Verrucomicrobia","Verrucomicrobiae","Rubritaleaceae; Persicirhabdus",0.532,"Verrucomicrobiae"
"C2b2","Verrucomicrobia","Verrucomicrobiae","Rubritaleaceae; Roseibacillus",0.11,"Verrucomicrobiae"
